<?xml version="1.0" encoding="UTF-8"?>
<config xmlns="http://www.knime.org/2008/09/XMLConfig" xmlns:xsi="http://www.w3.org/2001/XMLSchema-instance" xsi:schemaLocation="http://www.knime.org/2008/09/XMLConfig http://www.knime.org/XMLConfig_2008_09.xsd" key="model.xml">
<entry key="version" type="xint" value="1"/>
<entry key="class_name" type="xstring" value="org.knime.core.data.uri.URIPortObject"/>
<config key="model">
<config key="child-0">
<entry key="uri" type="xstring" value="file:/home/knimeuser/knime-workspace/Orders/histone%20statistics_tem%2001_210410/_inputs_/Histone_Human_H3H4_HKu_FASTA_methionin.txt"/>
<entry key="extension" type="xstring" value="txt"/>
</config>
</config>
</config>
