<?xml version="1.0" encoding="UTF-8"?>
<config xmlns="http://www.knime.org/2008/09/XMLConfig" xmlns:xsi="http://www.w3.org/2001/XMLSchema-instance" xsi:schemaLocation="http://www.knime.org/2008/09/XMLConfig http://www.knime.org/XMLConfig_2008_09.xsd" key="model.xml">
    <entry key="version" type="xint" value="1"/>
    <entry key="class_name" type="xstring" value="com.genericworkflownodes.knime.base.data.port.FileStoreURIPortObject"/>
    <config key="model">
        <config key="file-0">
            <entry key="uri" type="xstring" value="file:/tmp/knime_Quality_control28855/fs-Decoy_0-1013-1032-281-992-28864/000/000/DecoyDatabase_0/cRAP_universal_181122.fasta"/>
            <entry key="extension" type="xstring" value="fasta"/>
            <entry key="rel-path" type="xstring" value="cRAP_universal_181122.fasta"/>
        </config>
    </config>
</config>
