<?xml version="1.0" encoding="UTF-8"?>
<config xmlns="http://www.knime.org/2008/09/XMLConfig" xmlns:xsi="http://www.w3.org/2001/XMLSchema-instance" xsi:schemaLocation="http://www.knime.org/2008/09/XMLConfig http://www.knime.org/XMLConfig_2008_09.xsd" key="model.xml">
    <entry key="version" type="xint" value="1"/>
    <entry key="class_name" type="xstring" value="org.knime.core.data.uri.URIPortObject"/>
    <config key="model">
        <config key="child-0">
            <entry key="uri" type="xstring" value="file:/home/knimeuser/knime-workspace/DATA/cRAP_universal/cRAP_universal_181122.fasta"/>
            <entry key="extension" type="xstring" value="fasta"/>
        </config>
        <config key="child-1">
            <entry key="uri" type="xstring" value="file:/home/knimeuser/knime-workspace/DATA/UniProtKB_Human_can/UniProtKB_Human_can_20180912.fasta"/>
            <entry key="extension" type="xstring" value="fasta"/>
        </config>
    </config>
</config>
