<?xml version="1.0" encoding="UTF-8"?>
<config xmlns="http://www.knime.org/2008/09/XMLConfig" xmlns:xsi="http://www.w3.org/2001/XMLSchema-instance" xsi:schemaLocation="http://www.knime.org/2008/09/XMLConfig http://www.knime.org/XMLConfig_2008_09.xsd" key="model.xml">
<entry key="version" type="xint" value="1"/>
<entry key="class_name" type="xstring" value="org.knime.core.data.uri.URIPortObjectSpec"/>
<config key="model">
<config key="fileExtensions">
<entry key="array-size" type="xint" value="1"/>
<entry key="0" type="xstring" value="txt"/>
</config>
</config>
</config>
